{
  "buy_and_hold": {
    "train": 17924.710120123313,
    "test": 5660.26318654683
  },
  "experiments": [
    {
      "name": "PSO_SMA_no_MoE",
      "train_cash": 36933.80191968637,
      "test_cash": 606.3156557706856,
      "best_params": [
        5.5602268558971515,
        200.0
      ]
    },
    {
      "name": "Classic_50_200_SMA",
      "train_cash": 14615.181254985131,
      "test_cash": 4048.349826109576
    },
    {
      "name": "MoE",
      "train_cash": 28724.011319066223,
      "test_cash": 477.7999034771624,
      "high_vol_expert_params": [
        22.597251310809455,
        7.2594348540775595
      ],
      "low_vol_expert_params": [
        2.0,
        194.3043359973115
      ],
      "router_threshold": 0.133941592736346,
      "kmeans_centroids": [
        [
          -0.049584852458068894,
          0.043910458037970126
        ],
        [
          0.01479659892916602,
          0.028726084280678972
        ]
      ]
    }
  ]
}