{
  "buy_and_hold": {
    "train": 14799.811937511215,
    "test": 2169.582627048214
  },
  "experiments": [
    {
      "name": "PSO_trivial_discrete",
      "train_cash": 49113.126321112126,
      "test_cash": 1847.8065979912255,
      "best_params": [
        120.34948433955888,
        178.99144996103126
      ]
    },
    {
      "name": "PSO_position_continuous",
      "train_cash": 49112.669680987834,
      "test_cash": 2169.582627048214,
      "best_params": [
        120.25392200304171,
        178.7307539878087,
        0.001
      ]
    },
    {
      "name": "GP_discrete",
      "train_cash": 38003.05179391849,
      "test_cash": 1621.586838010873,
      "tree_size": 3,
      "tree_repr": "(> volatility(20) rsi(49))"
    },
    {
      "name": "GP_continuous",
      "train_cash": 20674.19466731782,
      "test_cash": 1577.2336607475277,
      "tree_size": 1,
      "tree_repr": "lma(162)"
    }
  ]
}