{
  "overall": {
    "pearson_r": 0.4231037048698655,
    "p_value": 0.0,
    "n_pairs": 13245
  },
  "per_generation": {
    "generations": [
      0,
      1,
      2,
      3,
      4,
      5,
      6,
      7,
      8,
      9,
      10,
      11,
      12,
      13,
      14,
      15,
      16,
      17,
      18,
      19
    ],
    "r_mean_per_seed": [
      0.4975065570671597,
      0.3120345438936315,
      0.32458562396363966,
      0.2615023424913549,
      0.18160466188747448,
      0.41067218966134844,
      0.3834228124893421,
      0.4556117695838992,
      0.19677397545700995,
      0.5070306218985716,
      -0.1924420981743864,
      -0.24939605997017963,
      0.31835251203474496,
      -0.14311769144447,
      -0.032951419335425725,
      -0.01753797066539483,
      -0.12933251356882453,
      -0.09929736893777245,
      -0.0974315611772994,
      0.08725564452806307
    ],
    "r_std_per_seed": [
      0.09891750405907872,
      0.16636125338405255,
      0.1298690682667788,
      0.17589955940343416,
      0.2933563048919386,
      0.2298411305061051,
      0.2939584820070685,
      0.3844552501670321,
      0.3115749713313192,
      0.4989736606304037,
      0.005149403593329188,
      0.16855110516762412,
      0.4829052544748156,
      0.04369732638222613,
      0.250614090549251,
      0.09217154373147965,
      0.019743377667597192,
      0.14966087066413697,
      0.18908205273615009,
      0.659949979170419
    ],
    "r_pooled": [
      0.5141788684835713,
      0.33560350496428903,
      0.29952063361697967,
      0.19646033265367963,
      0.08039733362049509,
      0.12516520682837742,
      0.08807446953576922,
      0.020405588319847248,
      0.01614049845126319,
      -0.03618607416642395,
      -0.3228955529492766,
      -0.21578507011780684,
      -0.009095253157247258,
      -0.1148673203016293,
      0.0657341285871479,
      -0.034074006022374356,
      -0.21336152916718015,
      -0.07784804130647416,
      -0.10458197131844095,
      -0.029238602338093056
    ],
    "p_pooled": [
      1.4852209319785618e-46,
      1.1808769028427947e-18,
      1.608599978479014e-15,
      3.8621589376031197e-07,
      0.036911578713619844,
      0.0013394010701169644,
      0.023755400935250612,
      0.5985660649278196,
      0.6794103648978594,
      0.3522188973250229,
      2.2012523699788015e-17,
      2.3756577429548106e-08,
      0.8158637524830198,
      0.0030350687302333275,
      0.09454491426624323,
      0.3778250233844397,
      2.510018919145977e-08,
      0.04397367893279316,
      0.007479810831214576,
      0.4519504452896761
    ]
  },
  "aggregate_stats": {
    "n_seeds": 10,
    "mean_train_cash": 24279.838860290758,
    "std_train_cash": 5882.239669003283,
    "mean_test_cash": 1872.3317592158135,
    "std_test_cash": 308.794574839898,
    "mean_best_fitness": 23079.838860290758,
    "std_best_fitness": 5030.128017934595,
    "mean_n_pairs": 1324.5,
    "total_pairs": 13245
  }
}