{
  "buy_and_hold_test": 2169.582627048214,
  "experiments": [
    {
      "label": "linear 0.9\u21920.4 (baseline)",
      "train_cash": 49112.669680987834,
      "test_cash": 2169.582627048214,
      "best_params": [
        120.25392200304171,
        178.7307539878087,
        0.001
      ]
    },
    {
      "label": "fixed 0.7",
      "train_cash": 49112.669680987834,
      "test_cash": 2169.582627048214,
      "best_params": [
        120.12097210858651,
        178.7255682525783,
        0.001
      ]
    },
    {
      "label": "Clerc constriction",
      "train_cash": 49112.669680987834,
      "test_cash": 2169.582627048214,
      "best_params": [
        119.98295389707312,
        178.75978759822377,
        0.001
      ]
    }
  ]
}