{
  "buy_and_hold_test": 2169.582627048214,
  "gp_only": {
    "train": 38003.05179391849,
    "test": 1647.77986474973,
    "tree_size": 3,
    "tree": "(> sma(157) volatility(169))"
  },
  "gp_pso_hybrid": {
    "train": 38003.05179391849,
    "test": 1762.1866215677167,
    "n_params_optimized": 2,
    "refined_params": [
      147.738818653224,
      121.73840441842214
    ],
    "original_params": [
      157.0,
      169.0
    ]
  },
  "pso_only": {
    "params": [
      119.09959531045105,
      179.43209099856824,
      0.1
    ],
    "test": 2295.9218729338927
  }
}