{
  "buy_and_hold_test": 2169.582627048214,
  "single_split": {
    "method": "single_split",
    "train_cash": 48048.42482784395,
    "test_cash": 2366.488896745473,
    "best_params": [
      119.09959531045105,
      179.43209099856824,
      0.1
    ]
  },
  "walk_forward": {
    "method": "walk_forward",
    "windows": [
      {
        "window": "2017-2018",
        "test_cash": 1711.4765294836095,
        "bh_cash": 1711.4765294836095,
        "wins": false,
        "best_params": [
          118.87181098332555,
          178.62461916044165,
          0.1
        ]
      },
      {
        "window": "2020-2021",
        "test_cash": 4106.256547273641,
        "bh_cash": 4106.256547273641,
        "wins": false,
        "best_params": [
          102.63761949783664,
          132.84462107877957,
          2.5454330580641225
        ]
      }
    ],
    "avg_test_cash": 2908.8665383786256,
    "win_rate_vs_bh": 0.0
  }
}